filename,width,height,class,xmin,ymin,xmax,ymax
Gemini_nineth_360_jpg.rf.fb883d943b564051c0971f84acdcca8d.jpg,640,640,Gemini,19,49,603,588
Leo_third_240_jpg.rf.fe944cfc1acd20d0c08c3488a9b38417.jpg,640,640,Leo,223,116,528,474
Sagittarius_fourth_360_jpg.rf.ff53e3e9bbf4b7e1f6c2170c0b6ae8ab.jpg,640,640,Sagittarius,41,103,602,548
Cancer_second_180_jpg.rf.f7fa35e438bd350851cfdb567d9fa1af.jpg,640,640,Cancer,184,174,448,479
Libra_first_60_jpg.rf.fa615a3c6a79f36da0c4878bbdc5ef6e.jpg,640,640,Libra,121,171,452,499
Gemini_fourth_180_jpg.rf.fb0ae82e21babc176428914e032df263.jpg,640,640,Gemini,237,236,418,400
Sagittarius_fourth_300_jpg.rf.fcb528edafba13cf851da5a8fa8fce08.jpg,640,640,Sagittarius,56,64,569,525
Leo_second_180_jpg.rf.fcc0bb217000f1a3b64899f47a408016.jpg,640,640,Leo,77,146,606,524
Pisces_eight_180_jpg.rf.ff71999f69e79e1308eae724979ef70c.jpg,640,640,Pisces,3,118,562,512
Taurus_first_180_jpg.rf.feaf50752250687cc1167da099e49234.jpg,640,640,Taurus,117,206,504,434
Cancer_sixth_180_jpg.rf.ffb3afee696bf4d5bd7017395080ad54.jpg,640,640,Cancer,202,181,381,470
Aquarius_fifth_240-_jpg.rf.fc18497b8f12b3f38b9a1cd9c6625cb1.jpg,640,640,Aquarius,1,71,540,515
Capricornus_first_180_jpg.rf.ffa98e69c1b33ee9e08f8cd248513e92.jpg,640,640,Capricornus,132,195,517,447
Taurus_sixth_180_jpg.rf.f7ccc34666130e32cd7935dbaaad6cec.jpg,640,640,Taurus,80,40,570,549
Scorpius_nineth_60_jpg.rf.0095b414c920649d7aa3efd123fb403e.jpg,640,640,Scorpius,216,66,413,539
Cancer_first_120_jpg.rf.02bf5cb14d7823348f3149eebcf03352.jpg,640,640,Cancer,209,254,401,375
Leo_first_360_jpg.rf.04618e427c5533b9be534b7144fbed85.jpg,640,640,Leo,57,177,574,457
Aries_nineth_60_jpg.rf.02e0d2d5539db4dbb46866085662ae20.jpg,640,640,Aries,256,258,388,382
Scorpius_fourth_300_jpg.rf.02c8a1523754c466eebe94acc5116d75.jpg,640,640,Scorpius,47,70,606,545
Aquarius_fifth_60-_jpg.rf.03d64fdc0713e282a34f4ff8a6727861.jpg,640,640,Aquarius,97,126,640,572
Libra_fifth_180_jpg.rf.059889d96828d3f4b3c2df31ae7036c8.jpg,640,640,Libra,237,197,402,407
Virgo_eight_300_jpg.rf.0614fcdd9b36ce4f47bbcdc15485dd24.jpg,640,640,Virgo,247,188,455,402
Aries_seventh_120_jpg.rf.0920fab9c66aaed01826ac28c8a13c1f.jpg,640,640,Aries,255,180,418,452
Sagittarius_fifth_240_jpg.rf.05a4984910f89bd1c7bb9a7da47d5889.jpg,640,640,Sagittarius,184,120,529,559
Leo_sixth_300_jpg.rf.060aa724e3e986d140f83339e955a6b5.jpg,640,640,Leo,2,133,617,606
Virgo_sixth_120_jpg.rf.07b16cc46c86f94048974f5185926eaa.jpg,640,640,Virgo,26,152,551,461
Aquarius_eight_240-_jpg.rf.0b147cf4ead90d9096d5e3768ecbdfed.jpg,640,640,Aquarius,13,100,452,638
Sagittarius_sixth_360_jpg.rf.0a5e6700a20e88268b8fe9f20fddbc83.jpg,640,640,Sagittarius,197,229,408,413
Taurus_nineth_300_jpg.rf.0aab358d8041b0661f3507b35f45bebb.jpg,640,640,Taurus,380,140,524,409
Sagittarius_seventh_240_jpg.rf.0bae92d74363172ca0cb29976b0cfb89.jpg,640,640,Sagittarius,183,101,608,539
Aries_sixth_300_jpg.rf.0bbbfb7b902896cfb3ba1279e272179a.jpg,640,640,Aries,53,162,586,472
Virgo_third_180_jpg.rf.0f73ebedb3d45c457ad2a2d95d9f0a61.jpg,640,640,Virgo,162,181,483,469
Taurus_third_300_jpg.rf.0b2c157aeafcd56b035e705b3a76b988.jpg,640,640,Taurus,209,30,505,640
Taurus_third_240_jpg.rf.0ccba1e9f63b8a23ac8c088f2bee0aa6.jpg,640,640,Taurus,1,136,637,554
Pisces_first_180_jpg.rf.0b3cc1e627d0e1a70e9fe1935af7c083.jpg,640,640,Pisces,218,236,429,400
Aries_nineth_120_jpg.rf.0bc60c1320bee0baa9b37cd2cfe4c38c.jpg,640,640,Aries,286,237,355,410
Sagittarius_third_60_jpg.rf.0b9aaf5fd9ce89516723589d1e0cd932.jpg,640,640,Sagittarius,22,61,466,499
Libra_nineth_360_jpg.rf.0cc7e35c8e14ae8a9706f72ac1b7fbc3.jpg,640,640,Libra,250,229,392,408
Scorpius_second_60_jpg.rf.10679592cbd00b16c59c7b0f187fd735.jpg,640,640,Scorpius,251,78,420,525
Aquarius_seventh_300-_jpg.rf.0cea1e9dce5e8c9821c48e5e118139bf.jpg,640,640,Aquarius,211,228,380,437
Gemini_sixth_60_jpg.rf.10735b916db6b4a7151221672bdb6485.jpg,640,640,Gemini,232,237,397,403
Sagittarius_second_300_jpg.rf.1117ce51685b690a1ea1ea0b6cbfb11e.jpg,640,640,Sagittarius,49,66,572,524
Cancer_fifth_300_jpg.rf.11ae83cb0d09c88746e9d41337d1b8df.jpg,640,640,Cancer,67,197,493,631
Libra_first_240_jpg.rf.124db647fab4fe0913d64000981f0f87.jpg,640,640,Libra,190,129,515,473
Aquarius_Third_300-_jpg.rf.1218e32672e47c078b323ba6dae2a588.jpg,640,640,Aquarius,175,220,383,435
Scorpius_first_300_jpg.rf.113a94151d05a1984b5fa057acbdfda1.jpg,640,640,Scorpius,8,211,637,483
Gemini_first_240_jpg.rf.14078f33842642a691946f80dffe5d81.jpg,640,640,Gemini,221,215,416,416
Leo_fifth_60_jpg.rf.136ef063c895da49d71e359553bb4e1c.jpg,640,640,Leo,222,90,459,607
Leo_eight_120_jpg.rf.0043b06231425231e094bd6db5e862e2.jpg,640,640,Leo,92,126,485,536
Cancer_seventh_300_jpg.rf.15285e57e16ef3fd4e23b2fc713948b8.jpg,640,640,Cancer,96,188,534,612
Cancer_seventh_60_jpg.rf.1212899777d73973c81b4b6c780de6e3.jpg,640,640,Cancer,106,193,640,505
Scorpius_fourth_180_jpg.rf.14476df5d35dbf06902d87455218dea5.jpg,640,640,Scorpius,31,125,616,503
Scorpius_seventh_60_jpg.rf.160f47e93ce65bdd9b20c909ad8c173a.jpg,640,640,Scorpius,227,57,406,561
Capricornus_seventh_60_jpg.rf.11c7c0b07877d1a5f56f11db40016ccf.jpg,640,640,Capricornus,111,115,393,508
Virgo_eight_240_jpg.rf.19fc7d8ed6695dfce45c2396c83dd631.jpg,640,640,Virgo,280,247,438,476
Capricornus_fifth_60_jpg.rf.17f0719443eb9966a14bf2b77567e07c.jpg,640,640,Capricornus,245,136,482,454
Leo_seventh_180_jpg.rf.1bfdf60a225dde024576d50064475afe.jpg,640,640,Leo,68,75,555,589
Libra_sixth_300_jpg.rf.189b313f2a7e9b4df8b316c0aae81666.jpg,640,640,Libra,68,86,535,500
Scorpius_sixth_240_jpg.rf.1637c9b4133ab1f64e28b1fd23e6e93c.jpg,640,640,Scorpius,236,73,447,623
Scorpius_third_360_jpg.rf.1ad046a6019581db9b2ad67db4d95b35.jpg,640,640,Scorpius,205,239,406,386
Virgo_seventh_240_jpg.rf.195aad26e0dd720d618bd16a321b1d7a.jpg,640,640,Virgo,235,243,413,379
Sagittarius_seventh_360_jpg.rf.188654b462e761307b6a06e62fb80cee.jpg,640,640,Sagittarius,60,73,543,497
Capricornus_nineth_60_jpg.rf.1c4ce696a00e851a3547559898e622ce.jpg,640,640,Capricornus,197,229,356,395
Scorpius_first_60_jpg.rf.17abbb6d90b41953ef3515805173ef35.jpg,640,640,Scorpius,97,67,554,603
Virgo_second_120_jpg.rf.1c5ea4f7a04167e3cfb0681615c83de3.jpg,640,640,Virgo,0,144,640,543
Capricornus_eight_120_jpg.rf.18a1ca4fd349e7c47d670ff5f4cc6573.jpg,640,640,Capricornus,233,245,392,399
Aries_fourth_240_jpg.rf.0a83b7767492da157454321558a331e7.jpg,640,640,Aries,187,268,435,403
Aries_eight_60_jpg.rf.1847e979aeaf61b251b7b362a1ad9638.jpg,640,640,Aries,199,254,431,379
Sagittarius_eight_300_jpg.rf.1ca9e71f7a05595e5a6e252af593d037.jpg,640,640,Sagittarius,98,157,506,514
Gemini_fifth_240_jpg.rf.1ed3b21ad0020b1963f54de9a7b5dc6d.jpg,640,640,Gemini,21,68,580,611
Taurus_sixth_360_jpg.rf.1cb5ecedd237289f8471eed393df8b61.jpg,640,640,Taurus,71,86,559,595
Taurus_fourth_360_jpg.rf.1cbd4d1c64de6922edd494f2b49743f3.jpg,640,640,Taurus,44,150,603,505
Gemini_fourth_360_jpg.rf.1f3512c6032e0a37f7a893ce685f9284.jpg,640,640,Gemini,227,237,412,393
Aries_first_180_jpg.rf.1cf35c2b20b70a8cb0af117c257c9cad.jpg,640,640,Aries,211,252,430,387
Gemini_nineth_60_jpg.rf.237e41d5278968d862830998d10bdaa0.jpg,640,640,Gemini,27,59,588,551
Aquarius_eight_180-_jpg.rf.1bcac1ae0f2fc78a675e3b198ad80241.jpg,640,640,Aquarius,90,45,532,576
Scorpius_seventh_300_jpg.rf.195f32d1963a5b56d286bf0adc4236da.jpg,640,640,Scorpius,113,142,564,499
Sagittarius_first_300_jpg.rf.2097c1af658fea6acc09d8700245bed4.jpg,640,640,Sagittarius,117,137,541,532
Scorpius_sixth_180_jpg.rf.26d0b29d35ec500ad7984d1e428b4eb8.jpg,640,640,Scorpius,58,182,569,502
Aries_fifth_300_jpg.rf.24a8352d4a90e89ddfdb67af8338ceff.jpg,640,640,Aries,344,114,470,416
Aquarius_first_240-_jpg.rf.2a01a44634abb41801d824dba6602a44.jpg,640,640,Aquarius,274,221,376,410
Scorpius_third_180_jpg.rf.27fe10073fe1d2fbaa283f1df241d912.jpg,640,640,Scorpius,233,243,435,394
Leo_eight_180_jpg.rf.23dcdcd6d559ddee57845cb0bf078011.jpg,640,640,Leo,88,187,579,480
Taurus_third_60_jpg.rf.2ccdb3916d77eb050d6aa55327f64ce6.jpg,640,640,Taurus,0,85,640,510
Taurus_first_300_jpg.rf.2f739a9a06d42dde5677e9a8e1a74f2f.jpg,640,640,Taurus,238,141,440,539
Pisces_fifth_360_jpg.rf.2fbf2569a45db27ee57f6927014b53ae.jpg,640,640,Pisces,104,129,589,489
Sagittarius_first_180_jpg.rf.2ef9e962e5ddf676a12f1c47702cffc5.jpg,640,640,Sagittarius,69,132,501,518
Aries_second_180_jpg.rf.2d363272494d641e2df44052c68fd312.jpg,640,640,Aries,75,135,556,439
Libra_first_180_jpg.rf.300b11211cc1f16608e82e7c0bf4a399.jpg,640,640,Libra,193,133,478,469
Gemini_fourth_300_jpg.rf.28609c7f99279c207f589bf4c276eeb6.jpg,640,640,Gemini,262,227,390,399
Cancer_eight_240_jpg.rf.28aa7be6c74bd9b997306c1caff7bfc8.jpg,640,640,Cancer,152,146,431,531
Libra_eight_240_jpg.rf.2775220b4a4777dab5655b6e812efdf5.jpg,640,640,Libra,108,182,497,479
Scorpius_nineth_300_jpg.rf.2b361b43fdf974fcf9cb870bd9a9d23e.jpg,640,640,Scorpius,128,155,560,479
Libra_first_360_jpg.rf.3076fe55c7053f85c3532db6d85020f8.jpg,640,640,Libra,162,176,448,499
Cancer_nineth_180_jpg.rf.32e80bbb971f6efda92e9b33ac48afa5.jpg,640,640,Cancer,127,198,486,508
Capricornus_fourth_240_jpg.rf.2545bceb5ae672fcf96de84d7764a073.jpg,640,640,Capricornus,195,183,490,536
Gemini_seventh_240_jpg.rf.27817fd747b9a1bb44ce929e957cf6f6.jpg,640,640,Gemini,217,240,492,513
Cancer_sixth_300_jpg.rf.31a777241dad27c99443c93665743637.jpg,640,640,Cancer,196,215,441,489
Sagittarius_seventh_300_jpg.rf.3340564152994d5c35801c536c324717.jpg,640,640,Sagittarius,97,69,569,446
Cancer_second_360_jpg.rf.3376dd91b5a36b4b6b646ada54984cfa.jpg,640,640,Cancer,196,159,459,473
Aquarius_first_300-_jpg.rf.34718c160f9ea697d99cd9ca5f00bb9c.jpg,640,640,Aquarius,243,246,391,401
Aries_seventh_300_jpg.rf.39c049cde36d0462f23417ca2986dec9.jpg,640,640,Aries,224,187,386,457
Libra_eight_60_jpg.rf.38ddd6abffaf968a07420b6bb8c188ea.jpg,640,640,Libra,153,161,532,457
Gemini_sixth_240_jpg.rf.3a98394f392d9dd64b76c2cf37c5ee38.jpg,640,640,Gemini,246,242,409,394
Pisces_second_180_jpg.rf.3c9f3b526c6229ba6f92d6b0e231fb3c.jpg,640,640,Pisces,219,239,421,394
Cancer_third_360_jpg.rf.3a7210019904826588dc0acb432a14e8.jpg,640,640,Cancer,99,125,440,370
Sagittarius_fourth_120_jpg.rf.33f91faaa937152efe22d4d1ea99c21e.jpg,640,640,Sagittarius,50,111,600,579
Libra_fourth_120_jpg.rf.3c6df33bf22036b6260806a395caa60e.jpg,640,640,Libra,76,293,315,484
Scorpius_third_60_jpg.rf.3e1cf25a69dae193b89d3e04ac550ebc.jpg,640,640,Scorpius,274,212,358,437
Sagittarius_second_360_jpg.rf.3d02b1b2cfada46d1e9c14978350063a.jpg,640,640,Sagittarius,60,92,604,552
Aquarius_first_180-_jpg.rf.38c1000de8e21bbc3f90e299103b7917.jpg,640,640,Aquarius,224,270,423,373
Libra_first_120_jpg.rf.3dd81c766d174f67cabe282f994d65b1.jpg,640,640,Libra,157,183,531,524
Leo_first_120_jpg.rf.34ced3fe40c834c724e384e16e6dd342.jpg,640,640,Leo,104,113,489,534
Aquarius_first_360-_jpg.rf.3bf6797161ef2e11d136ca1d3e9c4246.jpg,640,640,Aquarius,219,271,416,370
Aquarius_seventh_60-_jpg.rf.333e8e304d5744f48d0370525cd18f63.jpg,640,640,Aquarius,250,234,419,438
Capricornus_second_360_jpg.rf.3e63c8cca6b2addf09895c72e4d188f6.jpg,640,640,Capricornus,208,255,418,390
Aries_fourth_120_jpg.rf.3e1183d1b93130621fafae858d85ec76.jpg,640,640,Aries,275,181,355,434
Leo_fourth_240_jpg.rf.3f391968a8c0a85d8ce8f2350c8b988a.jpg,640,640,Leo,110,76,468,544
Scorpius_third_240_jpg.rf.3fb58c02904b800d0d25942486ba017d.jpg,640,640,Scorpius,277,212,373,433
Sagittarius_first_60_jpg.rf.3fea09c33efdbae8ec7a4c8fe9d6a21e.jpg,640,640,Sagittarius,121,81,481,511
Sagittarius_fifth_120_jpg.rf.41a3a03cd69984bad55cb71d97908cae.jpg,640,640,Sagittarius,98,123,505,519
Capricornus_sixth_300_jpg.rf.41af36a57d6623749901b27a25bd8b8b.jpg,640,640,Capricornus,230,100,565,465
Cancer_first_300_jpg.rf.404c23a3d2693ead05cb965a9bf540bb.jpg,640,640,Cancer,239,271,436,387
Gemini_eight_360_jpg.rf.2ce9b777392e078698dea12c429877fe.jpg,640,640,Gemini,100,70,601,604
Leo_first_300_jpg.rf.443d1ac1f5b4bad326d43c212a82a355.jpg,640,640,Leo,142,107,539,529
Pisces_seventh_120_jpg.rf.42cb291e4e3d3e41164837dd3c206911.jpg,640,640,Pisces,235,86,514,466
Libra_seventh_360_jpg.rf.4472b3be56058d22e32294c188486075.jpg,640,640,Libra,209,153,439,450
Libra_second_60_jpg.rf.454c617591cc0ddfbaf21269084d9e48.jpg,640,640,Libra,137,130,512,447
Aquarius_sixth_360-_jpg.rf.42ea24bff3802c77113038eb5763a943.jpg,640,640,Aquarius,168,227,511,435
Taurus_third_180_jpg.rf.487647d92452a36902756556b151330d.jpg,640,640,Taurus,81,56,592,585
Leo_fifth_180_jpg.rf.438f59af4bfd87cda359739273e5fa32.jpg,640,640,Leo,132,148,561,475
Aries_third_120_jpg.rf.44856b8bebdabf7dd9b947fe4fb11617.jpg,640,640,Aries,284,92,408,603
Capricornus_seventh_180_jpg.rf.49bf15ebf53598d69806db5041a9b74b.jpg,640,640,Capricornus,204,223,516,596
Aries_third_60_jpg.rf.47f551ba852df2b587a1c0222239796e.jpg,640,640,Aries,108,207,537,530
Aquarius_Second_60-_jpg.rf.49d99c128b068284a8fe5912625eb669.jpg,640,640,Aquarius,183,76,526,491
Aquarius_seventh_240-_jpg.rf.4ab9532b895ce07cb037a863c0bfc68e.jpg,640,640,Aquarius,224,198,395,410
Gemini_first_180_jpg.rf.45329ed790e1d39f8d8c1cffe7196fff.jpg,640,640,Gemini,213,209,427,422
Capricornus_Third_360_jpg.rf.48d64097b152678dcdc66b412f4084cc.jpg,640,640,Capricornus,146,173,493,433
Scorpius_nineth_240_jpg.rf.4faddb7f8f70d1e3768d1eea41e2fab7.jpg,640,640,Scorpius,250,102,419,568
Taurus_sevnth_240_jpg.rf.48d97e4ea6bf5e43ff4dc8eca468ffbe.jpg,640,640,Taurus,119,195,589,502
Aquarius_Third_120-_jpg.rf.4cc9a2d8cea52d3883c2df5362707222.jpg,640,640,Aquarius,245,203,468,424
Sagittarius_first_360_jpg.rf.4ea7b88e7e2f29b97a57697aeb3181b7.jpg,640,640,Sagittarius,121,119,573,507
Aquarius_eight_360-_jpg.rf.4ff9a7e05f5fc5a53f819e6e16b70ef8.jpg,640,640,Aquarius,114,58,552,598
Aquarius_nineth_120-_jpg.rf.51b8abc4713d6d6ef128270772e4e585.jpg,640,640,Aquarius,188,52,640,580
Aries_second_300_jpg.rf.51fcf009d507939a6d881da2d6be9ac2.jpg,640,640,Aries,261,70,389,617
Aries_eight_240_jpg.rf.481f0fab7c3f527bb4e40d2d29316afe.jpg,640,640,Aries,218,232,438,379
Leo_fourth_360_jpg.rf.4cd5ae2eea6b14b2ce81084a26286231.jpg,640,640,Leo,61,177,569,494
Aquarius_eight_300-_jpg.rf.50e96d49cf48cd5f1a78372677bc1a3b.jpg,640,640,Aquarius,46,170,640,588
Leo_fifth_120_jpg.rf.52628052b97c0439c036520155380a97.jpg,640,640,Leo,125,141,586,473
Taurus_fourth_120_jpg.rf.50caf7db3b885b88f0feb5f9685c0e85.jpg,640,640,Taurus,162,0,452,583
Pisces_seventh_60_jpg.rf.53370931a4e6791061eaa3f2c07f1bf5.jpg,640,640,Pisces,166,186,523,532
Virgo_fifth_360_jpg.rf.575609142eac775ce1467b40d26fb4b4.jpg,640,640,Virgo,160,212,458,433
Aquarius_fifth_360-_jpg.rf.560c5aeb5403f36260fcd5a3e71b7842.jpg,640,640,Aquarius,16,136,622,565
Taurus_eight_60_jpg.rf.4a52c1437bfa977f8f9e77d9329962ac.jpg,640,640,Taurus,99,179,544,486
Scorpius_seventh_360_jpg.rf.5a7eac86ccda0107dfa1453854513bed.jpg,640,640,Scorpius,97,152,553,456
Taurus_fourth_60_jpg.rf.5a3c8ff0370e62a566a8a121939c5068.jpg,640,640,Taurus,69,120,620,549
Cancer_first_180_jpg.rf.53dc14a1979bed05ad13813427126742.jpg,640,640,Cancer,253,222,387,417
Aquarius_fifth_300-_jpg.rf.5a263c8d88699e44df66d3e116d3b43f.jpg,640,640,Aquarius,172,36,515,640
Aries_seventh_60_jpg.rf.5af7a66289275a2fac81c91a509affe4.jpg,640,640,Aries,214,272,488,409
Aries_seventh_360_jpg.rf.5619dd63580cef885e4d571f185ede84.jpg,640,640,Aries,199,255,404,470
Capricornus_sixth_360_jpg.rf.57b435b2fbf59c916fd6d8c6e353201f.jpg,640,640,Capricornus,95,149,557,441
Leo_fourth_120_jpg.rf.5b1e5a604097eb7368c063bf974d5428.jpg,640,640,Leo,129,79,501,532
Taurus_nineth_360_jpg.rf.5b1a97342c8ec2d6819946e5fcbc7399.jpg,640,640,Taurus,230,60,440,301
Cancer_third_240_jpg.rf.5b101afefb28845eaf5f4c4f50bff820.jpg,640,640,Cancer,294,217,595,449
Gemini_seventh_360_jpg.rf.5b51c88b952fb9505c133fc4a0386dd4.jpg,640,640,Gemini,189,161,534,408
Capricornus_eight_60_jpg.rf.5bdc2c876e3f51d35b017676f41568b1.jpg,640,640,Capricornus,274,221,403,413
Scorpius_fifth_360_jpg.rf.5b66c16900104a14f4c78b0bce016cc1.jpg,640,640,Scorpius,62,54,566,519
Virgo_fifth_60_jpg.rf.5e496282206e94e3cc0b7d9ee1e5fbd2.jpg,640,640,Virgo,215,164,409,476
Gemini_first_300_jpg.rf.5ca737df15dc3301fb931477039edf25.jpg,640,640,Gemini,240,213,408,417
Aquarius_seventh_180-_jpg.rf.60629a1a287a9b9a034b51450db7494f.jpg,640,640,Aquarius,204,238,430,370
Leo_seventh_120_jpg.rf.60f165a9e65c8292e1e1461ef8afb0e1.jpg,640,640,Leo,24,90,640,454
Pisces_third_60_jpg.rf.5eeed4d33ea9350d3e37197a62512c84.jpg,640,640,Pisces,227,259,422,431
Sagittarius_first_240_jpg.rf.5d9182108261639df14be623abf327c4.jpg,640,640,Sagittarius,148,123,522,561
Cancer_fifth_180_jpg.rf.613790b44040744a68baa6c76f3b3ed8.jpg,640,640,Cancer,134,1,427,536
Libra_sixth_120_jpg.rf.63b36f12dc7011109b30442f71986bcc.jpg,640,640,Libra,106,136,575,557
Gemini_third_300_jpg.rf.6336c4ce071a8a9d457d897f34add78d.jpg,640,640,Gemini,117,125,584,581
Cancer_fourth_240_jpg.rf.64932d2876d447264b22042f23492ebe.jpg,640,640,Cancer,67,141,588,497
Aries_fourth_180_jpg.rf.60dc2c3f07c97d614aa36dae76c7f481.jpg,640,640,Aries,206,223,419,400
Capricornus_fourth_360_jpg.rf.3188feedd4d27359984423dee24339a4.jpg,640,640,Capricornus,128,193,515,444
Pisces_sixth_180_jpg.rf.624fb94f1899bdd7b04dcd71674196e7.jpg,640,640,Pisces,217,255,441,410
Sagittarius_second_180_jpg.rf.6575eb9ab74453a3a63731fa2330a228.jpg,640,640,Sagittarius,32,98,572,523
Capricornus_first_300_jpg.rf.649dae12c0fa5e8378bd083710784a95.jpg,640,640,Capricornus,228,119,523,442
Gemini_fifth_120_jpg.rf.65053fbf75add7b4b3c7f3a9538b80ba.jpg,640,640,Gemini,90,15,547,596
Leo_sixth_120_jpg.rf.643ee7a10ae83ca2cb9a4ba73d190e35.jpg,640,640,Leo,26,31,640,508
Pisces_seventh_240_jpg.rf.64b14bc604bb67068ca2869530364344.jpg,640,640,Pisces,120,106,470,467
Libra_nineth_240_jpg.rf.6363c2ace6eea106b2b02006902351cc.jpg,640,640,Libra,239,237,400,392
Aquarius_Second_300-_jpg.rf.6650ada1a694c576deb6b25a3dacb177.jpg,640,640,Aquarius,125,186,590,502
Leo_fourth_60_jpg.rf.49e5dd536c40d30d87f2cf325b685d64.jpg,640,640,Leo,174,94,522,559
Leo_third_180_jpg.rf.6663d3322debf4f5ee855f4320055945.jpg,640,640,Leo,180,133,454,558
Leo_sixth_240_jpg.rf.67b64f272dce38b5552d559ba072a09c.jpg,640,640,Leo,77,4,407,640
Capricornus_fifth_180_jpg.rf.667e1396598e3df2cc2278ec31b2e9af.jpg,640,640,Capricornus,158,180,467,410
Leo_sixth_180_jpg.rf.65bab5283815ed47f407ab5621403cc5.jpg,640,640,Leo,33,113,625,530
Gemini_fifth_360_jpg.rf.690c4dba7e91b61b8e9c4ac234f92a84.jpg,640,640,Gemini,50,63,599,558
Capricornus_sixth_240_jpg.rf.67cbaf3bdbb91b8bf0a14d679f7e0242.jpg,640,640,Capricornus,196,167,512,582
Aquarius_fifth_180-_jpg.rf.6aacf1bc445cc442ccaf58cb564fbfe1.jpg,640,640,Aquarius,21,72,629,506
Taurus_first_60_jpg.rf.6925cc88bfb559e3464528cc047cdf4f.jpg,640,640,Taurus,143,174,508,477
Virgo_sixth_60_jpg.rf.68d5afd6c6dc9379bb129df399ab7321.jpg,640,640,Virgo,153,53,505,550
Scorpius_second_120_jpg.rf.4a246c05f99fee03fb02f64c92f63fbe.jpg,640,640,Scorpius,102,161,495,442
Gemini_first_60_jpg.rf.626390a8bed0776a08d19c6feca8deff.jpg,640,640,Gemini,217,226,433,411
Leo_sixth_60_jpg.rf.6b45cba5c87bb9bff7a04b18ff5ab028.jpg,640,640,Leo,218,0,557,640
Pisces_fourth_300_jpg.rf.6cf2248a1f11b0177b017ab11c79ce4f.jpg,640,640,Pisces,127,127,574,545
Capricornus_fifth_360_jpg.rf.6d5474694859377b1533c078ec827af5.jpg,640,640,Capricornus,172,228,498,462
Libra_third_60_jpg.rf.6e63aaa66cbe57401c055f9720303670.jpg,640,640,Libra,151,171,485,440
Virgo_fourth_360_jpg.rf.723dc7732cf8a614283acb849d6b0350.jpg,640,640,Virgo,134,131,473,410
Scorpius_third_120_jpg.rf.6d11a43d5129e4897b45d8422901d44f.jpg,640,640,Scorpius,214,258,417,403
Pisces_second_240_jpg.rf.70e2a7494ad41d2f471a66e354e920d9.jpg,640,640,Pisces,218,195,403,402
Pisces_nineth_60_jpg.rf.71d23fb4f489e22761c240ef69d45153.jpg,640,640,Pisces,77,110,623,640
Cancer_third_180_jpg.rf.71ee146326205eb4721b15b7ae3f542b.jpg,640,640,Cancer,200,269,539,512
Leo_seventh_360_jpg.rf.7205320efa42b036e4fe411a41bca939.jpg,640,640,Leo,81,50,565,560
Libra_fifth_300_jpg.rf.726b926d2501685c28a7810c32c2eb9d.jpg,640,640,Libra,234,247,403,416
Leo_eight_360_jpg.rf.7315d733a24c8885d75bc36674609346.jpg,640,640,Leo,54,161,554,421
Sagittarius_second_240_jpg.rf.73bd7b4e44b21f4a2e6f832ede899a17.jpg,640,640,Sagittarius,139,40,582,622
Aries_fifth_60_jpg.rf.750bf1d2cc67b7db5d1e06b3d427ac2b.jpg,640,640,Aries,80,180,383,342
Libra_second_300_jpg.rf.6d73ae5b7aec8035054111d70346f5d4.jpg,640,640,Libra,157,125,501,544
Gemini_fifth_300_jpg.rf.71e3cc9e2e2fbdf869b02dbd8ae5acdc.jpg,640,640,Gemini,65,52,565,618
Aquarius_nineth_300-_jpg.rf.72efe044f1c9c23a494b0c0e4a8c63bc.jpg,640,640,Aquarius,0,65,458,586
Gemini_second_360_jpg.rf.74d6a66bb4391cab2e7ea976d16960ff.jpg,640,640,Gemini,109,284,558,605
Libra_fourth_180_jpg.rf.76b785820a68b707a439a5235f48d014.jpg,640,640,Libra,212,336,433,591
Aquarius_nineth_60-_jpg.rf.7502d2c998396b76d711e77f15c143fe.jpg,640,640,Aquarius,104,64,494,639
Leo_seventh_60_jpg.rf.77b75d89bfe3a001b120344166e9d5fd.jpg,640,640,Leo,141,43,490,636
Capricornus_fifth_240_jpg.rf.755a09f90d21498c26c9c422eae11920.jpg,640,640,Capricornus,157,192,400,501
Libra_eight_180_jpg.rf.75225571821cc3ab69a9e49973d288e2.jpg,640,640,Libra,140,173,514,493
Aries_first_300_jpg.rf.780db2bec6b530f0ed3e259c16c325e9.jpg,640,640,Aries,298,201,376,442
Sagittarius_nineth_240_jpg.rf.78c8e9d27ebe13cb970b4f161d4801f3.jpg,640,640,Sagittarius,214,171,507,519
Scorpius_fifth_120_jpg.rf.79b10339cb5d9e81488b8403a594b29e.jpg,640,640,Scorpius,0,136,596,471
Taurus_sevnth_360_jpg.rf.791e7b80cbf90658d10c0f08e5ee6c9f.jpg,640,640,Taurus,119,85,513,456
Aquarius_nineth_240-_jpg.rf.7c6b0ce363dcfa57c627452267298e52.jpg,640,640,Aquarius,146,1,538,567
Cancer_fourth_180_jpg.rf.78b593da1d14edf34a268da7c48affc5.jpg,640,640,Cancer,43,120,587,481
Gemini_second_120_jpg.rf.7a1b5af9a2524f00a30a323e8b7bad25.jpg,640,640,Gemini,215,57,526,485
Aquarius_sixth_60-_jpg.rf.7d6ee7d43041956c2156bcdb090ff5ae.jpg,640,640,Aquarius,203,175,452,495
Gemini_third_180_jpg.rf.797fb67d8f181b1b58a7b41cbb1f0f63.jpg,640,640,Gemini,91,117,522,524
Sagittarius_seventh_180_jpg.rf.79d108f3af0d9d432523de03fad340ba.jpg,640,640,Sagittarius,158,140,562,576
Aquarius_Third_360-_jpg.rf.79ca4bd96d015b28d4d230cc502b4353.jpg,640,640,Aquarius,204,258,449,449
Virgo_first_300_jpg.rf.7de3c8631d9e7dcd993f499a5e9ed93e.jpg,640,640,Virgo,211,141,441,429
Virgo_first_120_jpg.rf.73dc32f8a11796382b83e6545a041313.jpg,640,640,Virgo,202,211,431,497
Sagittarius_eight_60_jpg.rf.7d732d39336ab69ce210b44f52c63a92.jpg,640,640,Sagittarius,166,136,516,547
Aquarius_fourth_300-_jpg.rf.7e2dfe453447faa21a5c1f0e057e1188.jpg,640,640,Aquarius,240,84,390,467
Cancer_fourth_120_jpg.rf.7f407facb4a6993767e50b8ff0eccc7d.jpg,640,640,Cancer,261,28,542,626
Aries_sixth_180_jpg.rf.79a442b22f60904851ef234b61f0cb78.jpg,640,640,Aries,67,147,578,495
Cancer_eight_300_jpg.rf.81a263bad5f20bc19b4cedf4d361072b.jpg,640,640,Cancer,209,150,496,477
Capricornus_second_120_jpg.rf.819f00e2ee544097e0579bd726831741.jpg,640,640,Capricornus,223,261,384,434
Gemini_nineth_180_jpg.rf.802eb0fc980ad28309e965e13941ad87.jpg,640,640,Gemini,38,58,621,586
Sagittarius_sixth_240_jpg.rf.7e9cf8bc7a2e3efaa728ff0d6dd23292.jpg,640,640,Sagittarius,237,185,402,401
Cancer_fourth_60_jpg.rf.85cce6b34f259bc22d62d510a534fe59.jpg,640,640,Cancer,57,146,567,499
Aries_fifth_180_jpg.rf.81d65d56dfdd3432be15f1f81a456770.jpg,640,640,Aries,196,304,452,539
Virgo_seventh_120_jpg.rf.860b82466719769b881be7d73ee08d0e.jpg,640,640,Virgo,230,253,420,402
Scorpius_second_240_jpg.rf.8173c7e04bd0b128efed200fcf6eeae5.jpg,640,640,Scorpius,202,125,404,563
Capricornus_fourth_180_jpg.rf.7e8d49cb06685b8ba34f550d3d92ecfa.jpg,640,640,Capricornus,130,192,512,449
Capricornus_second_180_jpg.rf.875772424306f5d4fa967fd7aecbcdac.jpg,640,640,Capricornus,229,249,432,383
Pisces_eight_360_jpg.rf.878509119238e78ec736188f56fdb681.jpg,640,640,Pisces,78,133,633,516
Gemini_second_180_jpg.rf.7d37fd79c940dd0707f8d8660f9be697.jpg,640,640,Gemini,77,45,568,346
Sagittarius_fourth_240_jpg.rf.878a8077e086c3ef45c58baf414deeff.jpg,640,640,Sagittarius,122,45,582,620
Cancer_fifth_60_jpg.rf.88c98c2d6cb2094e866eda11e7113968.jpg,640,640,Cancer,133,220,640,519
Sagittarius_nineth_360_jpg.rf.8a0a48f1a9ad17b2da9ed3725544102b.jpg,640,640,Sagittarius,158,151,512,466
Capricornus_nineth_120_jpg.rf.882e02d04a156c891b965e04e5bfa4c5.jpg,640,640,Capricornus,180,276,389,406
Taurus_eight_300_jpg.rf.898c90acf3e75a1c0df96ecd10b2503b.jpg,640,640,Taurus,201,92,414,573
Gemini_first_120_jpg.rf.895c9507f97cc0a862d346df7755126c.jpg,640,640,Gemini,231,219,404,429
Gemini_nineth_240_jpg.rf.8b1d004a8c634835d3003f0cb0c72ebe.jpg,640,640,Gemini,67,80,609,571
Aries_second_360_jpg.rf.89a2a368fb9c01efcba4bf56b008b880.jpg,640,640,Aries,90,206,573,505
Pisces_fourth_120_jpg.rf.8c67790b28497c622d9c6a85958534fd.jpg,640,640,Pisces,74,102,518,504
Aries_third_360_jpg.rf.91e2e2fcebafbbe75c5eb1964dfb592d.jpg,640,640,Aries,40,231,510,466
Gemini_second_240_jpg.rf.8fdf9df9481d5d8904e952242fb21514.jpg,640,640,Gemini,26,91,430,517
Aquarius_Second_180-_jpg.rf.8baf3cf388127dfcbf44e504f346365c.jpg,640,640,Aquarius,162,132,482,549
Aquarius_sixth_300-_jpg.rf.91b26f6b7f1d4080451fc742ae5bc4e3.jpg,640,640,Aquarius,153,181,427,497
Pisces_nineth_300_jpg.rf.93fc1844b563afa5d451a32892acc3ea.jpg,640,640,Pisces,40,93,509,640
Scorpius_seventh_180_jpg.rf.944fb62572d97c55e9de8136b7b98290.jpg,640,640,Scorpius,97,177,545,484
Sagittarius_fourth_180_jpg.rf.90e41977c7fba82d6c570c1de9c8c346.jpg,640,640,Sagittarius,32,94,571,527
Scorpius_eight_360_jpg.rf.90ff850bfea4b1ea9aa8b8690fc42f80.jpg,640,640,Scorpius,254,237,431,438
Scorpius_nineth_120_jpg.rf.89d2b9ffb74ff7b13988880d1ba0ca39.jpg,640,640,Scorpius,85,149,505,492
Capricornus_Third_120_jpg.rf.916b715fd06a6a474632b001aa8e9801.jpg,640,640,Capricornus,125,201,480,472
Capricornus_second_300_jpg.rf.9488259f1e6a3a8dee28c9af049af83a.jpg,640,640,Capricornus,261,207,419,382
Scorpius_first_180_jpg.rf.8da0011a68262587fb9ae07837ed8048.jpg,640,640,Scorpius,115,12,523,630
Scorpius_sixth_300_jpg.rf.95a387c4198cc41a0c84c651622907d6.jpg,640,640,Scorpius,120,114,602,491
Aquarius_Second_360-_jpg.rf.98458b5ebf029d6e5363e957f4c09c80.jpg,640,640,Aquarius,158,95,482,513
Cancer_first_360_jpg.rf.9524f5596b579a25a1e9511ce43e0f19.jpg,640,640,Cancer,257,224,386,417
Capricornus_fifth_300_jpg.rf.9645b00181f8ebb803d9fff21e1f9e75.jpg,640,640,Capricornus,208,188,475,462
Aries_nineth_300_jpg.rf.984376e887b0a111b822afa9113d1492.jpg,640,640,Aries,292,238,365,399
Virgo_fourth_240_jpg.rf.98700e23cf0d2481cc8fa78a75acc7e9.jpg,640,640,Virgo,207,195,535,543
Aquarius_first_60-_jpg.rf.9901f97aa7e22d3645d379a44dfec968.jpg,640,640,Aquarius,261,228,370,423
Cancer_eight_120_jpg.rf.9b052019f5981ddcfe189e9933fa7d68.jpg,640,640,Cancer,153,167,432,487
Pisces_first_120_jpg.rf.8fcfb6e6eee5e191ffa03d2125633106.jpg,640,640,Pisces,264,202,426,404
Aries_third_240_jpg.rf.9b2bd07d11c45d5dd7d4a59175466eb3.jpg,640,640,Aries,110,116,529,434
Libra_third_300_jpg.rf.99fdff33cab55d325cdefeac03f168bf.jpg,640,640,Libra,173,202,471,445
Libra_nineth_120_jpg.rf.8b928bde30074e296b979a3246ce84ad.jpg,640,640,Libra,244,246,417,406
Libra_seventh_180_jpg.rf.95da7a22a8dd6706a6083c9c2cca30aa.jpg,640,640,Libra,199,196,426,490
Virgo_sixth_360_jpg.rf.9bbb3df5bfc7de4946eb39a48d2b531a.jpg,640,640,Virgo,142,70,502,545
Cancer_fifth_360_jpg.rf.a3a2cbacd27091261faae74c34fbd9bd.jpg,640,640,Cancer,218,109,527,637
Capricornus_first_360_jpg.rf.a1517b877238d7752cec0e0702522ce6.jpg,640,640,Capricornus,125,189,512,444
Taurus_fifth_120_jpg.rf.9f2e58d9c858120e5e5d13a1e4dbc65b.jpg,640,640,Taurus,269,236,367,393
Aries_fifth_240_jpg.rf.a454b46d9b3f19eed0520c96d864029d.jpg,640,640,Aries,266,298,562,460
Pisces_fifth_240_jpg.rf.9e804fae91ca82b435b136d82b78e80a.jpg,640,640,Pisces,113,55,554,540
Aries_nineth_360_jpg.rf.94c2ccd7c606fc515952cd90e008a4be.jpg,640,640,Aries,245,285,403,350
Scorpius_eight_240_jpg.rf.a43caa0088ea455a683bb242de2ae78e.jpg,640,640,Scorpius,221,215,364,445
Taurus_fourth_180_jpg.rf.a0a70182220fd1dc0c9ffe774916b643.jpg,640,640,Taurus,34,139,599,483
Sagittarius_fifth_300_jpg.rf.9d675750e94d773ab4cf911f101da1c2.jpg,640,640,Sagittarius,138,123,537,501
Aquarius_Third_240-_jpg.rf.a87f6b8ca41f388d1f6e4cd7859cb6b4.jpg,640,640,Aquarius,243,184,394,430
Aries_sixth_240_jpg.rf.9ea71ad4d7d0b56c421d4afdfbb66d18.jpg,640,640,Aries,288,21,386,620
Aquarius_eight_60-_jpg.rf.a48eede9cdce3fe20c5529d9a3b33621.jpg,640,640,Aquarius,184,2,630,542
Virgo_fifth_240_jpg.rf.a8ab7d54aefaf55dad7a84aa6009e9a5.jpg,640,640,Virgo,236,160,424,476
Taurus_first_360_jpg.rf.a913d225cac8f21f757dadcfc85f996e.jpg,640,640,Taurus,144,199,515,428
Gemini_nineth_120_jpg.rf.a6c89c018082a8b73ed85025a19e0043.jpg,640,640,Gemini,101,86,556,629
Capricornus_nineth_180_jpg.rf.976bf4b63ae9b64fc6275db459232157.jpg,640,640,Capricornus,264,272,399,475
Taurus_fifth_60_jpg.rf.a95560ce696da4efa069a14113d11ecf.jpg,640,640,Taurus,248,264,403,369
Aries_fifth_360_jpg.rf.a93e9a600ef048cee01ccf7240a830e0.jpg,640,640,Aries,196,102,442,337
Virgo_first_240_jpg.rf.a81cf81b7fcbda942c89d8a05e2d168c.jpg,640,640,Virgo,276,186,461,471
Leo_seventh_300_jpg.rf.a95872f5e29e564f69cad8962c9f856d.jpg,640,640,Leo,0,185,613,536
Taurus_nineth_120_jpg.rf.a9b0ba339257f38cbf12c2d25bcba508.jpg,640,640,Taurus,121,241,279,499
Capricornus_nineth_300_jpg.rf.a9efcd9e846a997d20b2e43eb793263f.jpg,640,640,Capricornus,258,235,457,360
Virgo_nineth_180_jpg.rf.ad36f46bff0376c6e40f102c02c2c1fc.jpg,640,640,Virgo,2,155,608,439
Leo_eight_300_jpg.rf.a044624f8723d1f23a368f8ca618a6fa.jpg,640,640,Leo,153,97,552,515
Cancer_sixth_120_jpg.rf.a180396ffe472c27e0d5a4f8934abe1a.jpg,640,640,Cancer,199,153,444,419
Scorpius_fifth_300_jpg.rf.ad30cc4ffa9ecc3d0dc175265c72d9db.jpg,640,640,Scorpius,46,167,640,500
Virgo_nineth_120_jpg.rf.adcb3d3ff0db61918acfd17c91a0bfb2.jpg,640,640,Virgo,159,36,528,598
Aries_first_240_jpg.rf.b0480770bafbd416c21efa27095e5c64.jpg,640,640,Aries,218,244,429,406
Sagittarius_second_60_jpg.rf.9b553106a91ebcb8b31a5594aea90f17.jpg,640,640,Sagittarius,55,19,501,607
Libra_second_120_jpg.rf.b1c2f385aca86994f344eb711f0f5e8a.jpg,640,640,Libra,149,98,481,506
Taurus_eight_360_jpg.rf.b1d330a55d5b10c2677692de99b8fcfc.jpg,640,640,Taurus,100,153,537,481
Sagittarius_eight_120_jpg.rf.b031b4fe75511bced420a35e3c5496e4.jpg,640,640,Sagittarius,138,125,542,479
Cancer_first_60_jpg.rf.a768994db8e9ef2b9fe8b425a075b325.jpg,640,640,Cancer,257,217,412,387
Virgo_sixth_300_jpg.rf.b335da8369fa4d5d4302326572c218bc.jpg,640,640,Virgo,95,180,615,488
Taurus_sevnth_300_jpg.rf.b20747db279b595d89105f9de8b7e659.jpg,640,640,Taurus,274,74,483,543
Scorpius_fourth_60_jpg.rf.b168094e92eeac7956791f48d8668d3c.jpg,640,640,Scorpius,154,7,505,626
Aries_second_120_jpg.rf.b2ee08e47945e18f87c09a189a2afbf1.jpg,640,640,Aries,261,26,409,571
Virgo_first_360_jpg.rf.b14e0b1a0b2d611cb72f9093d58f18ad.jpg,640,640,Virgo,143,179,471,405
Capricornus_nineth_360_jpg.rf.b061171bee9da9516ee58f20e752d661.jpg,640,640,Capricornus,251,164,400,360
Libra_eight_120_jpg.rf.b696b82bbe4f91af8037963cca4429fe.jpg,640,640,Libra,178,97,432,527
Libra_sixth_240_jpg.rf.b77ee5de0678584e53cea0321e09fbf2.jpg,640,640,Libra,126,109,526,549
Aquarius_nineth_360-_jpg.rf.b4fddc087ce188894f5ae9a12a3e4674.jpg,640,640,Aquarius,16,121,618,584
Leo_seventh_240_jpg.rf.b7634e052241b5f3a3939e3f18052c83.jpg,640,640,Leo,171,3,498,589
Pisces_seventh_180_jpg.rf.b4f92a9f81041f9298de524cae08b0b8.jpg,640,640,Pisces,106,169,504,457
Pisces_eight_300_jpg.rf.b419212e850f40132794eee1953fbb6e.jpg,640,640,Pisces,83,140,465,640
Scorpius_second_300_jpg.rf.b918ac0b42a21a7a7f65014c0449dddc.jpg,640,640,Scorpius,140,188,539,468
Scorpius_nineth_180_jpg.rf.b3735ebd314e97feb1e8c2a5713d10a3.jpg,640,640,Scorpius,91,184,539,484
Sagittarius_third_360_jpg.rf.b88deb232b237dee55452d54cbf0063c.jpg,640,640,Sagittarius,106,42,534,495
Scorpius_second_180_jpg.rf.b8516b95a67d54b3fc7e4fd54b60095b.jpg,640,640,Scorpius,111,177,494,464
Sagittarius_third_120_jpg.rf.b89521d1e5c2a7ed647d7512bb501e73.jpg,640,640,Sagittarius,36,154,518,554
Pisces_fourth_360_jpg.rf.b9f5df2019f7b08c945f943d43ab91df.jpg,640,640,Pisces,172,31,524,483
Taurus_first_240_jpg.rf.bb06f185fa645ef816924cd2b606062f.jpg,640,640,Taurus,136,171,490,451
Cancer_nineth_240_jpg.rf.af46ea14c19d4f74e0b8164bcd9289b8.jpg,640,640,Cancer,189,237,550,482
Virgo_second_60_jpg.rf.ba9cea1f695d22b0b1994aaadd550a54.jpg,640,640,Virgo,153,0,520,640
Taurus_fifth_360_jpg.rf.b82018ca0f150c6ec9827a839ed7a158.jpg,640,640,Taurus,262,249,385,390
Virgo_third_240_jpg.rf.bf0ec5347738753acad751a6eeb724ef.jpg,640,640,Virgo,240,143,476,501
Virgo_nineth_360_jpg.rf.9bdcf24169db4c657e9659b6d7449683.jpg,640,640,Virgo,30,197,640,489
Aries_fourth_300_jpg.rf.bbdc233e22a8352cc3bb728b6a3e2c7e.jpg,640,640,Aries,288,203,362,460
Capricornus_Third_60_jpg.rf.ba9f3eb070c42e8eed80f6eb9426c681.jpg,640,640,Capricornus,224,107,459,476
Libra_first_300_jpg.rf.bf7cc7fc7c93432fda739d65a5ea6dd2.jpg,640,640,Libra,110,120,479,450
Leo_nineth_360_jpg.rf.bde3a43db77591e38c41136dac6f6c18.jpg,640,640,Leo,192,160,444,481
Pisces_nineth_360_jpg.rf.c13e5d5cf64e41bd5e558c5d88433b7d.jpg,640,640,Pisces,30,85,628,524
Aquarius_fourth_360-_jpg.rf.c052ea105c2e35b02acd4370a2ff88cb.jpg,640,640,Aquarius,124,161,458,454
Aquarius_fourth_180-_jpg.rf.c1bf2177f8173c5b9a496a62322c9bc2.jpg,640,640,Aquarius,184,189,519,478
Pisces_fifth_120_jpg.rf.c1d5ff05f056ee6b8e1bce3c5ae3c5fa.jpg,640,640,Pisces,174,68,567,538
Libra_seventh_300_jpg.rf.c3e8ce7d4bf671df938812588dabe42a.jpg,640,640,Libra,214,204,473,429
Sagittarius_sixth_120_jpg.rf.c1d92e0c5ad893a92189966978b27cc6.jpg,640,640,Sagittarius,235,237,440,422
Aries_fourth_60_jpg.rf.c5c82798cca10d5d3b7b24ccaff4217e.jpg,640,640,Aries,214,248,455,375
Libra_fifth_60_jpg.rf.c4d00459fe56861ea05b9a18c4d8f1b5.jpg,640,640,Libra,243,233,434,398
Leo_nineth_240_jpg.rf.c543d4c1c280295c8a6d758ebd113286.jpg,640,640,Leo,221,127,425,485
Taurus_fourth_240_jpg.rf.bd6e622f34c304839358bf7191aedb49.jpg,640,640,Taurus,26,93,565,514
Taurus_fifth_240_jpg.rf.c2200c6c2d19167122aa45bfd1970526.jpg,640,640,Taurus,236,284,399,369
Scorpius_first_360_jpg.rf.c457178ff6883cf5e6b54fbe41ff124d.jpg,640,640,Scorpius,115,12,519,637
Sagittarius_sixth_300_jpg.rf.c495d2be2feb8ca1cb0f7d6e9cec5510.jpg,640,640,Sagittarius,203,221,404,404
Taurus_sevnth_180_jpg.rf.c260ff87ecd34d620e28c13c28106589.jpg,640,640,Taurus,130,184,527,554
Leo_second_120_jpg.rf.aa5d1ef4155634586f1a60981ec2aa5b.jpg,640,640,Leo,54,103,608,501
Libra_third_180_jpg.rf.c7d20c17aca4d1e3eb88975428531424.jpg,640,640,Libra,195,142,450,491
Cancer_fifth_120_jpg.rf.c6c9c08202172f399af0f82e027bdc0d.jpg,640,640,Cancer,147,14,565,447
Capricornus_fourth_120_jpg.rf.c913fe039ddd53980d7cd45c8518f702.jpg,640,640,Capricornus,129,197,428,521
Gemini_first_360_jpg.rf.c70d7556b75bc8f8e83ada1c369df669.jpg,640,640,Gemini,202,210,423,419
Cancer_sixth_360_jpg.rf.c93449c72a2dd052e621b67bf5d14bb1.jpg,640,640,Cancer,267,167,434,457
Aquarius_seventh_120-_jpg.rf.c669f3f4e934b40105de6becda3f0d14.jpg,640,640,Aquarius,258,200,430,411
Gemini_eight_180_jpg.rf.caed3005ba6eeb61f64d742fa73ca728.jpg,640,640,Gemini,39,33,571,567
Libra_third_360_jpg.rf.bf613285fec36c579d78650b4b1bf660.jpg,640,640,Libra,194,149,442,497
Sagittarius_sixth_60_jpg.rf.cad881f18dbafdf30408574eeea007a3.jpg,640,640,Sagittarius,236,240,405,450
Scorpius_first_240_jpg.rf.ca76a99cdbf17b8c841f2fabb13e66ac.jpg,640,640,Scorpius,83,33,560,572
Pisces_first_300_jpg.rf.cb098610fa6d360cd6d96b48b740e4ac.jpg,640,640,Pisces,215,241,381,441
Aquarius_Third_60-_jpg.rf.cb273fb75e9bed29cb25591c49b39bb3.jpg,640,640,Aquarius,249,211,398,452
Virgo_third_60_jpg.rf.cd62270106e9fe2bfd4ba39a333eed3e.jpg,640,640,Virgo,168,128,390,499
Pisces_second_60_jpg.rf.cf027a1b6186b2e014114a689e908ffe.jpg,640,640,Pisces,242,256,427,435
Capricornus_sixth_60_jpg.rf.d1474edef3e357f3a52feafcf26466ce.jpg,640,640,Capricornus,134,62,454,479
Gemini_fifth_180_jpg.rf.cfcb910a3c857935538f338786b9cbf7.jpg,640,640,Gemini,37,77,596,579
Gemini_third_240_jpg.rf.cf8ac9c61f31e318b25ecbbdea5dc07c.jpg,640,640,Gemini,103,89,512,595
Aries_third_180_jpg.rf.ccc60405853b18234d38483dc498474d.jpg,640,640,Aries,135,179,598,409
Leo_first_60_jpg.rf.d346b92696496c3a957aa92c319ee2d8.jpg,640,640,Leo,215,56,507,571
Capricornus_first_240_jpg.rf.cff67942bcaa55d93a1b021a105ff929.jpg,640,640,Capricornus,199,183,481,534
Scorpius_eight_120_jpg.rf.d25466e599bb24984c3330c2d89c4b7a.jpg,640,640,Scorpius,203,228,443,346
Aquarius_sixth_120-_jpg.rf.d1d553ac8748e8e6b9ae684133430582.jpg,640,640,Aquarius,224,134,487,469
Virgo_nineth_300_jpg.rf.d36119c4a57c3b3e409231e6cc1e7598.jpg,640,640,Virgo,119,39,507,610
Libra_eight_300_jpg.rf.c943e2f6349704c2b98d3c60eb32cc31.jpg,640,640,Libra,210,116,468,543
Gemini_sixth_300_jpg.rf.cd719221b5190e66b8cc029b7ddf7138.jpg,640,640,Gemini,235,218,414,392
Libra_fourth_300_jpg.rf.d3dd9c819a6b73e0dbdef3d7cf6d9bd3.jpg,640,640,Libra,343,143,567,368
Virgo_second_240_jpg.rf.d481af6b46b2e97b8e51234a9620ba10.jpg,640,640,Virgo,129,2,488,640
Virgo_sixth_180_jpg.rf.d27ac42b21e265abc436891e4797c060.jpg,640,640,Virgo,135,98,505,581
Libra_third_120_jpg.rf.d55f9437bd84098f9958358cf941e12e.jpg,640,640,Libra,171,184,464,444
Cancer_nineth_300_jpg.rf.d223a2ca7e7978994db1c77ebdb4def1.jpg,640,640,Cancer,203,99,431,492
Aries_nineth_180_jpg.rf.d687bd76a1b8c01400e1b22299ba2513.jpg,640,640,Aries,244,285,401,352
Pisces_first_240_jpg.rf.cead8100d4324e88dacf84d99bc62e2f.jpg,640,640,Pisces,204,197,408,382
Pisces_seventh_300_jpg.rf.d558a89c696c0ebcacc3a666b9c2854e.jpg,640,640,Pisces,120,179,416,542
Virgo_fifth_300_jpg.rf.d7a1e0edbe34076904bcbc61edd95662.jpg,640,640,Virgo,171,191,457,400
Virgo_eight_120_jpg.rf.d83b3459ed60717e8cd22053bc5b3291.jpg,640,640,Virgo,189,223,394,455
Taurus_nineth_60_jpg.rf.d6a21ea8a183d1991e412ee30f3ffb23.jpg,640,640,Taurus,84,192,354,303
Sagittarius_fifth_360_jpg.rf.cab99f60a7ac29f1964b1e2f84f60e8d.jpg,640,640,Sagittarius,81,125,566,487
Aries_first_120_jpg.rf.d80859b2f9683c0025b042dad8351d1c.jpg,640,640,Aries,270,192,354,442
Taurus_sevnth_60_jpg.rf.d6a57eaf984e309f39ae7a7a506183fd.jpg,640,640,Taurus,54,138,524,443
Leo_fourth_300_jpg.rf.da5143597a4abf8b7d87ec19aeaea549.jpg,640,640,Leo,128,101,514,518
Gemini_nineth_300_jpg.rf.da493a6e88dbd5e8f68be27a31baeb7b.jpg,640,640,Gemini,88,19,559,552
Pisces_nineth_240_jpg.rf.dead5680cc2a8b49d66120d0b3165fd4.jpg,640,640,Pisces,16,0,563,528
Aquarius_sixth_180-_jpg.rf.de7289ae2a8c3641b642d0a1644cb230.jpg,640,640,Aquarius,133,201,473,414
Cancer_eight_60_jpg.rf.de42506e8a636511d96de13b5b533a78.jpg,640,640,Cancer,217,111,486,493
Libra_seventh_240_jpg.rf.daa1add12104fe5ad827878d69b3eb07.jpg,640,640,Libra,206,236,469,468
Aries_second_240_jpg.rf.de77b45cfe45b32582aa6f51547520c9.jpg,640,640,Aries,51,154,529,483
Aquarius_fourth_240-_jpg.rf.db0bbebbb2972e7fd34d5cd6b33320e6.jpg,640,640,Aquarius,168,218,549,412
Gemini_fourth_240_jpg.rf.d3ab35636b0bc156d51103ea563e389e.jpg,640,640,Gemini,241,250,412,394
Virgo_fourth_180_jpg.rf.d872ab8d178d5f6b55f8058acaf318fd.jpg,640,640,Virgo,153,231,504,509
Scorpius_eight_180_jpg.rf.e0ac12cfd49319a897a20d77991849e2.jpg,640,640,Scorpius,201,201,398,396
Scorpius_sixth_360_jpg.rf.dde83c03883bbae7a34833a66f899600.jpg,640,640,Scorpius,68,142,585,451
Virgo_fifth_180_jpg.rf.e106642a0396cc7a72e338a647d34ebb.jpg,640,640,Virgo,189,211,478,426
Leo_first_180_jpg.rf.e2c117733065a07982cc78c5a078ac4f.jpg,640,640,Leo,66,182,579,448
Leo_nineth_300_jpg.rf.df60e4db5bfd2fe6be78015af4dbb05e.jpg,640,640,Leo,111,252,489,438
Gemini_fourth_120_jpg.rf.dfa5a4cabbca34a1b8043fb8a58c6ccc.jpg,640,640,Gemini,251,246,383,415
Gemini_sixth_180_jpg.rf.e3e6bdb73ef6a37ba98cf8c6e1f480ed.jpg,640,640,Gemini,228,238,432,397
Pisces_third_360_jpg.rf.e75bd73bccbc73f595720496fa997730.jpg,640,640,Pisces,227,243,415,389
Taurus_first_120_jpg.rf.e406c08d1a9678310ceeb0cce41b5f37.jpg,640,640,Taurus,207,100,413,498
Taurus_nineth_180_jpg.rf.e4a89472741574f8c1265039124b85be.jpg,640,640,Taurus,202,342,421,570
Pisces_third_300_jpg.rf.df832fedbe4aef1ec036a78bdd7ee98d.jpg,640,640,Pisces,215,253,369,423
Sagittarius_eight_360_jpg.rf.dfcaa55fd2c4ef30a7f9a7d0e217d2ff.jpg,640,640,Sagittarius,107,134,523,507
Gemini_eight_300_jpg.rf.e51c4987cf23acef1a16c13ff99fdb17.jpg,640,640,Gemini,49,63,564,629
Virgo_second_300_jpg.rf.e892f2f7d71782a424f83d72bf04509e.jpg,640,640,Virgo,10,97,640,495
Aquarius_first_120-_jpg.rf.e816f692ce09c04cda1379827a5bc8c1.jpg,640,640,Aquarius,259,237,397,394
Taurus_sixth_60_jpg.rf.eb75342f9392e0841eaee8d0f2ff9dc0.jpg,640,640,Taurus,56,220,640,493
Libra_fifth_360_jpg.rf.e9aa6486c95f8319749d96a51b513e48.jpg,640,640,Libra,239,229,407,437
Virgo_first_180_jpg.rf.ee84ed7e59f611d6756e9b30db885b02.jpg,640,640,Virgo,176,234,497,463
Sagittarius_third_300_jpg.rf.ebb60d046fb0bf1f7c511da14f5341eb.jpg,640,640,Sagittarius,130,81,613,475
Capricornus_seventh_120_jpg.rf.e93e66ed43336684623a071a0780cae5.jpg,640,640,Capricornus,46,222,477,462
Gemini_second_60_jpg.rf.f2fc1c873fa75d477aa8c90925989fe4.jpg,640,640,Gemini,211,108,621,564
Aquarius_Second_240-_jpg.rf.ec0537a14d4bb56a9730b5de9dea9707.jpg,640,640,Aquarius,117,153,486,569
Cancer_second_120_jpg.rf.e98d8aa2a9ec049ebc4ac35aada9c03b.jpg,640,640,Cancer,121,258,470,438
Sagittarius_sixth_180_jpg.rf.f35c415aa59eb5f79e9a1fa10100d9fc.jpg,640,640,Sagittarius,240,223,434,411
Cancer_second_300_jpg.rf.e2e3c02031660fa1cba74368e7477015.jpg,640,640,Cancer,171,207,521,375
Scorpius_eight_60_jpg.rf.e8bae238f911afa0b918346c34673ea1.jpg,640,640,Scorpius,299,196,419,430
Virgo_nineth_240_jpg.rf.f1051425fc67439554320485066d7d7b.jpg,640,640,Virgo,135,62,537,590
Leo_nineth_120_jpg.rf.f1085d16c1778e79623be2cd10b02d0f.jpg,640,640,Leo,146,199,536,386
Pisces_nineth_120_jpg.rf.f603b114dbd7594f466eb8d09a15b980.jpg,640,640,Pisces,124,1,613,529
Pisces_first_360_jpg.rf.f5bbcfef4487ad3b5701cf7cac8f833b.jpg,640,640,Pisces,214,247,433,391
Scorpius_third_300_jpg.rf.f2a2362bb70d473fbd8fe8a82c679d33.jpg,640,640,Scorpius,228,225,423,391
Cancer_nineth_60_jpg.rf.efe7b0283a0e21a1cc1bd37aab28c109.jpg,640,640,Cancer,102,154,430,398
Libra_second_360_jpg.rf.f6838ec7dc7453556306f12dfc781b3e.jpg,640,640,Libra,148,118,521,476
Taurus_fourth_300_jpg.rf.f70361a81b0a31276727cac672f471a9.jpg,640,640,Taurus,204,46,482,640
Leo_fourth_180_jpg.rf.f76c9887c9ff1a468b9d3bbf5dc3af71.jpg,640,640,Leo,77,141,572,455
Libra_eight_360_jpg.rf.ec4c09d03836d94d6e060a2b5bb1552b.jpg,640,640,Libra,131,147,506,467
Gemini_second_300_jpg.rf.f4df2fce57a9999e44b01107cadc7780.jpg,640,640,Gemini,114,148,434,590
Sagittarius_nineth_180_jpg.rf.dbf451986dd212c08a6bb584bda3973d.jpg,640,640,Sagittarius,119,179,505,479